1750.59263682157,-0.51427857351842,1.81389743666838,361.879092846315,-0.254694320733327,0.999950771398858,0.503740760645818,1225.24734051979,0.3220093002497,0.495337454078999,0.116821536877501
1904.16798847321,-0.52071268352383,1.16903575454007,263.543110080583,-0.537734675441428,1.039832245176,0.452358249807119,1342.0255462216,0.292681939946564,0.549158499024858,0.100760719776651
2809.85276577469,-0.320969782972647,1.42166885784481,355.392535435775,-0.0992879204453711,1.0172521713141,0.546810490658956,1954.38933589179,0.342352608380724,0.540792071727466,0.143388763795568
2098.06029379853,0.259638667673892,1.45341111282791,387.780931659844,-0.50533380943326,1.11661966637255,0.579921812242643,1345.14557825915,0.347433465649768,0.57003006060292,0.152241538552598
2181.38546336549,0.149276860741617,1.26076237115153,330.814908694338,-0.230542889744797,0.987523144471231,0.499267619466598,1494.29642899401,0.251665554707462,0.500315800644234,0.0880146168801579
2654.18402403374,-0.203772685970561,1.133222723072,287.618048775908,-0.026984573673876,1.00897029943068,0.545477054336113,1724.03567873128,0.283606154041347,0.52100979427241,0.112393859301126
1915.67355968578,-0.429238216837128,1.58599271776478,299.963929957229,-0.532336106171284,1.01300916773569,0.53594222996133,1175.39666564646,0.335298529121999,0.558901931538713,0.15401014984185
2212.54659229983,-0.556737012541305,1.47091439744611,315.084561438716,-0.458362167222723,1.02596649747841,0.527358645627271,1277.38915288014,0.285297545544965,0.558537536667013,0.0834846604618174
1859.64113533909,-1.20717073416054,2.03150441733492,285.757050533103,-0.59811503840579,1.09190266840531,0.521906772975561,1151.98806341997,0.349739088107014,0.568838461607372,0.0577787188682186
3186.85813918576,0.346096136579484,1.74327654012332,394.580507924596,-0.0208747132534834,1.14161880791997,0.623012064303475,2073.58023042151,0.315883587752924,0.515095883899428,0.245671483595798
2308.14603295573,0.295388397750176,1.87371207498244,368.271357343696,-0.236328864806462,0.997478437882156,0.582110673212829,1517.17350526399,0.308576721698323,0.5326334237964,0.209731468566588
2170.33022834839,-0.550907468880581,1.20122663497624,276.188235297299,-0.314311146158688,1.06212723629093,0.545394810975729,1378.61804406501,0.331874892660187,0.564073337293727,0.13655487723341
2267.35270270786,0.347561739866633,2.47531952997488,360.203212711887,-0.0742946571192531,1.11231437796319,0.556044088629423,1420.94226605671,0.320494284900119,0.548778069638872,0.107694362809293
1981.92207727543,0.425625911511357,2.23339418542003,394.78806790083,-0.149715778650097,0.943601975157134,0.5343203128831,1135.25375892104,0.285853775734032,0.501942233871366,0.0870509847941159
1954.40962937922,0.333283501502084,2.20286116668382,304.749778005242,-0.0639922324139307,0.987178631910375,0.534019788245572,1401.69617178153,0.307523707961196,0.47649999291227,0.0864225275847189
2180.43661584292,-0.726998727936262,1.7175630503346,355.479202436695,-0.2078068393379,1.03933182486719,0.544648142947562,1410.02608617256,0.278690465192589,0.57570517592859,0.1046588580724
2981.90524273776,-0.301790676797606,2.10513980984169,356.62279053659,-0.146394642508902,1.0583166649243,0.533544993333717,1809.23008543052,0.289582118317131,0.50551438941981,0.0882301370406263
1658.29844326796,-0.674689628288939,0.685220040357301,378.293127033198,-0.636605820786875,1.05897400370833,0.53152228535816,958.072898217252,0.313177202953397,0.487877236574377,0.0807432621030855
1829.00855688944,-0.709965388637482,1.11098722840818,330.058488484849,-0.717596378975534,0.971598971860909,0.516803251977082,1022.21656843921,0.310557511455794,0.483867653657013,0.0926798537981064
1854.7943070985,-0.266852910444512,0.565394040703876,355.907649476333,-0.589246807634585,1.30606735294673,0.579040365968358,1205.20057501899,0.280273914614589,0.552500432424419,0.10860195236705
2146.59759434748,0.0229693555731405,1.506503163722,334.41412598021,-0.679721494039547,1.07008770756538,0.499352012993467,1199.90712791956,0.29125117267258,0.592484066063989,0.0627432627263808
1914.36663661714,-1.02889818231287,1.25842726571994,361.152696000665,-0.455604694303165,1.14539954691091,0.546400476271696,1415.10176468024,0.321922691835774,0.61789879282497,0.140211548564848
2440.70488147128,-0.114956983290993,1.24907809157821,305.557901240954,0.0861007975457358,1.01776981270983,0.590137387834454,1469.82751578752,0.304256935328201,0.539432277457368,0.148204945596116
2953.61270290034,-0.227586602263987,1.72218788695619,357.343235355214,-0.213100945590616,1.07638821668302,0.643549355303562,2267.22010744998,0.266334709294808,0.536573006023675,0.178292417099838
2346.85748044993,-0.0316046196451525,1.99964307950409,315.502422852697,-0.212682549492574,1.10136598855856,0.548998876521396,1539.84032287144,0.291748248479561,0.564782034655658,0.108665514237774
2684.01136450449,-1.28451895887181,1.03942615694572,437.516367118781,-0.116397468727688,1.20907086194806,0.519271270549361,1544.6908992181,0.288598856506794,0.543931799502801,0.0582008213954626
1489.11620464352,-0.339965026653899,0.721456227047558,337.244933744622,-0.435350072378662,0.945253359035295,0.542771500432438,1047.52843479442,0.318237791537645,0.432687990595981,0.121871239789386
1570.29653329253,-0.052045779887697,1.15845452645312,232.770854604883,-0.655018731747616,0.877954321334078,0.426475458074348,1229.88003865572,0.281722126514405,0.490608309950439,0.0404403805227113
1429.99074986117,-0.978810700930062,1.08914369032053,318.331694588394,-0.740001322575302,1.08117646126754,0.587847852585012,1065.3079530183,0.305546468714003,0.470795978815709,0.173450655769613
2820.85856110965,-0.116871114860267,0.962933305032967,419.061363818769,-0.375468360695816,1.10009992739331,0.587043535870589,1475.07685394551,0.337640131256306,0.471149149957657,0.12014830903896
1533.53226363623,-0.30473727712266,1.23446192238664,281.766988392707,-0.840716701529615,1.03570535300608,0.471399053322935,1069.18745501166,0.308181574919361,0.546692522050438,0.0733261755041383
2212.28972718128,-0.512684830511863,0.78567333408335,328.760592845159,-0.610573716412653,1.05558276043428,0.495841680734868,1372.67080716906,0.331365602307159,0.571611838253851,0.10877969103843
2056.67669655949,-0.757582815582281,0.825966573393102,418.022252298206,-0.798280848966015,1.33923039671343,0.501998494549651,1312.93861449216,0.288161357248934,0.569925637489408,0.0952052396990918
2155.10779494942,-0.84561407116569,1.43734556037932,385.903173565868,-0.337404639526082,0.989273285164809,0.510416817696391,1327.28908988821,0.314023972876705,0.518617348910036,0.0921195865888398
2399.42907240946,-0.0402731068617202,2.10870959341915,323.732589458223,-0.29318659460011,1.09953948192136,0.582197299199049,1256.92493604286,0.25777107169934,0.574280752381619,0.110163406491618
1823.68137240394,-0.158210515620915,1.37932833981202,356.509863435733,-0.790323566759984,1.13741385043602,0.511103159212842,1268.16514691548,0.282636239935651,0.636374768427771,0.0966391355406521
1868.95021853973,-0.276749619616901,1.40413905595729,372.616421167613,-0.580917062566198,0.990109518742644,0.500847345467982,1011.09036975382,0.311434948163769,0.51673892900438,0.0588219100055945
2310.86606367329,-1.15528989612757,1.26109877943393,298.917934216669,-0.641088177590617,1.07626817335328,0.591885303595731,1309.64679947873,0.298341887628359,0.633924770332318,0.118551135952474
2588.25804900675,-0.262807357295263,2.75370159407435,389.899791965206,-0.00390885731648939,1.1457505467469,0.571056394456086,1526.81907085707,0.277161594993773,0.519264678611667,0.124462339204356
2294.69593987764,0.270081707535468,1.27064299243302,414.421619558247,-0.368621971690919,1.00929577550383,0.585536166198627,1357.48001362525,0.316406074126346,0.510934820635835,0.130080351989059
1913.94497844173,-0.23284413391782,1.98704139649494,322.0138511937,-0.168015660094172,1.01970255591576,0.50224393265587,1356.83024583967,0.309423966730253,0.557697723442628,0.117488773959527
2435.65237875135,-1.28295393201819,1.80265231634423,403.225251357806,-0.28441058766369,1.00611419040239,0.591839343883719,1542.26878244641,0.321235746597643,0.52065744241193,0.201089136925728
2529.16560657816,-0.355007816471347,1.30774483241017,376.879915149635,-0.189898892660784,1.11829940242873,0.541855211682407,1415.52964484089,0.325053951953723,0.46407679134036,0.0865650120390319
1584.61534470539,-0.534431274599717,1.84999771189815,312.183112606275,-0.872024148624293,0.985016961952164,0.484239747869424,940.059650895758,0.330448662901084,0.538792789817363,0.0684458668059085
2507.05010713901,-0.522878745280338,1.03509804989639,392.444544807168,-0.177368444788983,1.20620035250178,0.650462731692924,1824.70613729202,0.333323249314454,0.482306714180993,0.281177782233506
1925.84968513288,-0.776633873560139,0.78554361147209,325.552184461082,0.0260697551773075,1.0940029554699,0.525983854404618,1273.69730677092,0.294791524943513,0.544957921891034,0.0645934569312999
1572.55464908303,0.107739790967579,1.44001686430065,370.735720466621,-0.737373117803536,1.32418952680626,0.623858560031737,1102.05161043239,0.275970022811831,0.566610584552057,0.171960203243351
2896.95425745544,-0.469800301796918,0.860961278548511,358.201879204331,-0.367582340062687,1.0748099691399,0.523815083138616,1617.78391199009,0.293818809355431,0.565041071971166,0.171930270257852
1923.3058921264,-0.809493218383716,0.596826370224092,342.833062280307,-0.940662560733075,1.2434456060898,0.532999676458781,1405.10490786363,0.319467650503026,0.65914140120614,0.164018462884277
1826.24438209073,-0.0131723035557378,1.05505101387785,230.301054389197,-0.68399195515512,1.04779786209711,0.482473603856614,1308.75887806992,0.226391336165347,0.53659040564481,0.0366552168763442
1926.9408000399,-0.767003889607846,1.22799755623641,313.81111362083,-0.505865088917573,1.05718984454478,0.535665555072646,1114.64959108172,0.338452155867497,0.478368950631723,0.120497331317111
2282.04092692491,-0.591866076559487,0.996438003159701,465.421896483318,-0.0428320677057992,0.975953078297295,0.579981757113606,1423.66801328456,0.313569072654533,0.523793912967471,0.142629352759878
1746.92738315995,-0.822824359652099,1.08612344656497,373.312314430062,-0.278025512727722,1.02346586613235,0.575598538218557,1051.36658890686,0.343509096861206,0.493050679627228,0.168123698286279
2000.81559745527,0.0579037219503924,1.31955503575216,319.566539627581,-0.148638184896716,0.866845805182467,0.536263854681144,1194.0443589883,0.306224092993967,0.54258452335032,0.0984215680020937
1937.33561133748,-0.130291698254816,1.04870283019007,401.138567584671,-0.455009415313676,1.1071741651169,0.535268246305782,1416.0095985645,0.28573423885624,0.532507972926735,0.0939696377929649
2061.42875706028,0.232567318701665,1.62877545521141,346.981930824478,-0.336309588031153,0.919048061724623,0.533445730336632,1331.0896059272,0.338644082938787,0.498094253143692,0.119673841904827
1556.56049727345,0.322180516709705,1.85742284102607,294.517359782497,-0.500767245003081,0.959177002629338,0.534986080351543,988.177262914282,0.296916583216037,0.478693797605634,0.0810632597099789
2466.2185035517,-0.51427857351842,1.32299849279202,428.515753035957,-0.360560586800828,0.949925017182743,0.584662128473904,1652.12501752406,0.324614793036617,0.503087256502457,0.248970254803045
2068.20505940456,0.138401390243039,1.16761352216034,338.252997986796,-0.122967198177701,1.05401223227598,0.4992594398117,1417.01481400653,0.31684934714568,0.520503536570648,0.0828365014020748
2826.77113488394,-0.269722541874937,1.03852175035122,296.420362157496,-0.698081066269846,1.04717199842374,0.570271623923158,1643.87908102852,0.300101035701621,0.644091887986961,0.137558904634639
1515.38029546674,-0.333072721350425,0.913588423971423,276.790459933287,-0.374065349584135,0.994244274090892,0.648727819982109,1139.65127254577,0.286854816040005,0.501733797075452,0.330350533313303
2921.15495055787,-0.0408094936922386,1.20210699574484,419.247274336757,-0.146380521639082,1.05557605097293,0.555146542643516,1934.8753072791,0.339274669518511,0.533055060040303,0.155799054482386
1440.84921242858,-0.268058866045936,0.748294334351813,423.163539748157,-0.584281491938791,1.24220214106266,0.530913127828031,1016.44680496591,0.303681898626636,0.50872268491723,0.0726548731520741
2203.82822585217,-0.114426773871086,1.05695478076371,453.653670130593,-0.214736400240812,1.11195212785178,0.538159163721655,1205.28901250462,0.350475412203157,0.409070364549852,0.0703796971615324
2114.04506215831,-0.889410289700751,0.979432126724635,397.571817160314,-0.393193703299848,1.07882804401093,0.538934409385511,1535.42202853772,0.310390731982463,0.590456251876431,0.127195802915686
2177.37478749317,-0.0376010651149801,1.19722652648324,392.828845058753,-0.647657782839242,1.19884529067693,0.535515703820956,1301.87595054838,0.282758668821842,0.597769906964682,0.10186822290238
1664.53332789837,-1.06994287507916,0.789155703674303,282.062028357218,-0.605662085979183,0.980908706230047,0.510620679938852,1044.20070681834,0.299731921492393,0.519722249729907,0.119716046564599
2079.7918555937,-0.307538655150192,1.24985854071786,320.660664914015,-0.539826027511276,1.04649244370071,0.50441871817099,1288.09070822979,0.329024570570771,0.559846118964226,0.0948801557027655
1827.29619289006,-1.0350336251689,0.882386546253109,218.862828854879,-0.497214504318982,0.89955143320372,0.410493754751296,1243.20357030964,0.293898999415311,0.499686719759067,0.0871977265619791
2010.76549646527,-0.479762178429498,1.22843181354558,336.512227495969,-0.234917120051091,1.07848427918649,0.552630706332783,1393.17187338452,0.306380506754406,0.44895479327208,0.135981098814421
1253.58059019787,0.0291807889075468,1.20725650105434,357.176326894761,-0.725145426717296,1.19177506367347,0.56262896861592,875.076998403107,0.306515895412152,0.410601146447482,0.0836108168812926
1781.35574996766,-0.661419013207814,0.953532505574628,341.44203745504,-0.732170715927459,1.1101412959297,0.536276443749996,1235.15539205712,0.314686652521463,0.537009360856986,0.136549406911469
2138.52948849126,0.118781239175627,0.980832562576221,351.589354540946,0.106477967282329,0.971502925732351,0.552954328095418,1797.24899204331,0.306635897134457,0.493158081726799,0.167763249432509
2372.32193480409,-0.837697025429952,1.04873522049164,416.897030081247,-0.325367346225323,1.05583700524188,0.607453915537545,1330.21722382324,0.302366140054487,0.549301222505457,0.146770325144706
2807.73261045027,-0.944526103769976,1.04735343839605,477.019540947299,0.141352514382931,1.0772558116073,0.598302193755569,1470.89337060668,0.310924994950969,0.527900750839345,0.145905017397422
2001.30042012308,-0.187546236386802,0.639188868878446,351.969755618435,-0.80266961546186,1.20805122388709,0.540270844705202,1243.40386564169,0.304681033860342,0.631612537361232,0.0696760593542427
2363.45776604265,0.112164954978388,1.59791807665362,415.187319317095,-0.142071249328635,1.11488388099163,0.571480923548608,1513.31690506075,0.281526068737546,0.521579029607647,0.141084409987879
2042.91798758559,-0.21833436488332,1.09905511707743,282.517965349958,-0.245343912915627,1.2423726743824,0.560463425506796,1248.48954112706,0.290170198130541,0.517496349860545,0.0986223189090398
1725.27780493814,-0.357968506127109,2.27748352066057,305.689568121653,-0.424466493082668,0.978279609949104,0.574667776668631,1087.72433001345,0.252828578201102,0.532149707587328,0.0953813844896865
2927.80936038706,-0.477800370545149,2.2508685189355,356.345723722122,-0.188274955292955,0.970379794379943,0.619375515221171,1721.46523077644,0.314915563551343,0.541045659316558,0.187427932258194
1917.23482440431,-0.682067181787102,1.41386459211889,336.922485737842,-0.60411456384766,1.00622365100123,0.503995236679963,1219.26061974846,0.285989597328344,0.529357126380208,0.0875422098294733
2080.51173094418,0.293611125441442,1.37368379389131,312.543826951205,-0.309224487830925,1.04488434243134,0.574357557162759,1193.942607584,0.306831559339299,0.473024276220074,0.105701505322974
1430.12653838876,-0.393148582833717,0.78772836327298,234.829757361065,-0.843855768093944,0.945597301264863,0.518573296336888,1044.69399842361,0.265586567364148,0.552635171543007,0.0897780767055103
2754.77697555743,-0.47780037054515,1.28863756562231,413.310734973264,-0.312241297590363,1.06336811675496,0.53973291948291,1465.81194844248,0.315699329720745,0.426272800545361,0.0708811605466844
2619.44823055706,-0.386158178123931,0.969956100804801,497.145772002388,-0.190444043079804,1.10159056168842,0.595389934186112,1100.31793668976,0.282910437281318,0.489276426981479,0.0915657403229592
1659.76862926339,-1.28924816511587,1.14371905795821,401.587718177102,-0.675699799498114,1.05420455241737,0.51535754273955,1055.08166084702,0.30833506533769,0.469393852713735,0.103401973452011
2051.25332208612,-0.0979971086492706,1.31525944037689,402.020965667231,-0.844870793555169,1.14771504748325,0.550863623606173,1100.9269192171,0.3241089172448,0.588473019880577,0.123156276447011
1550.11706610694,-1.02543074288033,0.881639391166845,466.894263665144,-0.682424936021316,1.0941636783892,0.584390739770771,998.031616281545,0.344506947434672,0.550030351956732,0.102747215426025
2221.96872913207,-0.570146826866251,0.926460014964944,343.809647791795,-0.625604943247839,0.951110835345431,0.555394720772808,1147.17063027385,0.329007381662861,0.558600297616963,0.101746210500361
2764.55314742352,-0.395166683500014,0.866136253915577,305.187286564666,0.108482216892609,1.01012805941536,0.56434044433668,2151.22743396014,0.336372863436397,0.509561311841549,0.236288688617871
3116.02461845687,-0.503502786973868,1.72608376431583,454.180590101203,-0.193291610238955,1.11157043300377,0.635223256065853,2205.58682297894,0.307247488803566,0.555319593085604,0.172492670130302
2041.02979912309,0.217434589763952,1.37818606124426,444.763392749474,-0.661632738006962,1.08465333205897,0.508652625710894,1241.62648569108,0.31179543654491,0.507720389848823,0.0823554443959289
2724.88811586333,-0.184546780560286,1.01251021963716,435.383096835727,-0.444034161056894,0.996660800101287,0.560280650115453,1300.28090102878,0.358986750753328,0.612670498669235,0.0877775875675542
2068.19580991386,-0.0697515980525459,0.971465967501753,476.780412004009,-0.232489917273962,0.988936793876765,0.555830450601745,1392.97653306704,0.287322559361064,0.459537123036386,0.13695305971827
1703.61361146461,-0.1944991418416,1.07070784376741,343.051852354564,-0.262343632862659,1.06051971832397,0.513621219493754,1241.69816738019,0.326804439404304,0.561486921584985,0.090913242225325
1984.49744213323,-0.251908924547256,0.812216230177609,328.268202358219,-0.254175751468355,1.0644284163524,0.563629172464977,1251.61149683177,0.231258312152565,0.52437391388484,0.0873821026454936
2102.5870175464,-0.379668712619312,1.42084420935131,402.583794416517,-0.321293356890761,1.07037356138325,0.521084458362097,1520.00815424432,0.320054762822376,0.59147685500578,0.0648545518805949
1920.72011222625,0.361952006281774,1.53616694540616,359.197439083371,-0.388575458670482,1.1169364544576,0.590016869157653,1066.91919250566,0.313953724854675,0.594036618741239,0.116772642738933
2433.84482407931,0.135669222292326,1.31550062771537,279.769425521978,0.12893662353998,0.924658216776802,0.596235648628449,1624.31623488766,0.282308117852896,0.496849338235324,0.134821405878116
2722.65282994855,-0.638862639235711,1.98053796606136,551.643638387218,-0.44151749448313,1.33372826471122,0.596701308760029,1371.77834201289,0.292956710696797,0.444763850280128,0.0600039872288313
1978.77623055207,-0.533039749917075,1.13699399971151,415.03883121085,-0.357307818201599,1.09706430273903,0.555369837141783,1309.14271688484,0.28630922013464,0.479033814215429,0.0901757611103111
1592.03314360626,-0.0084140079088264,1.90807812304359,411.886345125071,-0.7775873981619,1.29750516120822,0.549089168341158,1028.82145385053,0.330574717538176,0.50276180025816,0.0917182579316173
1972.8819194644,-1.05305672930217,1.23339001151633,312.305183912837,-0.502599178787015,1.13876513699675,0.547003197697735,1317.57936782112,0.313288867752809,0.595482504907727,0.0949114833107029
2135.80903831546,-1.30869743661652,1.04129957343422,412.33591377483,-0.284591042859079,1.13268657824328,0.55374783137892,1329.71858116856,0.278323753729888,0.537724025553133,0.0683124275328751
1827.11280187456,-0.338897526365746,1.09862599149211,317.664933458899,-0.198016308488214,1.03944295914764,0.580489191277849,967.472147291036,0.327497288086321,0.51639753072201,0.11794994125657
1942.91596072027,-0.189935585154645,0.971389764487935,355.557871837035,-0.369839802396296,1.14669807043484,0.590457706997033,1251.15667498993,0.279965023262191,0.574153815911459,0.0998292088003856
2779.10206212134,-0.9221780492151,0.912217842725507,471.68487371767,-0.10007237973364,1.15126327050134,0.586016781771179,1572.40006404882,0.30955109959386,0.477781766214367,0.0902050360407721
1848.55301851312,-0.817442698695087,1.21656387659339,355.689808369256,-0.706555066779914,1.07052236844916,0.49342595619708,1130.50265613574,0.29271920448908,0.493072751367809,0.0528363615436201
2007.60218437141,-0.0163737128754654,1.35013725183086,389.105919501679,-1.04651809112988,1.24539449522437,0.568465855445258,1027.16314285132,0.321106618095291,0.555313603988945,0.0629129211913523
2345.37844087691,-0.421862408992623,1.66570229454276,329.689348198714,-0.272245918610225,1.0513119146884,0.568860170871288,1407.76082761412,0.253281895623456,0.524981398976084,0.196257391812953
1938.96728417986,0.313524498509334,1.5161476709923,336.638933176609,-0.72401541425593,1.02382697413806,0.567598139587557,1308.97229641823,0.280381579188221,0.550628236234565,0.235474472795336
2201.2992441408,-0.528891729062861,2.02986169084538,349.337443218228,-0.16060792455992,1.14228959585521,0.62151876639918,1512.38095851179,0.233323230502569,0.555354206483586,0.230260813607428
1762.54627670103,0.307549519162206,1.92722293381739,262.778140471635,-0.854793304383107,1.19739517563827,0.634188134557714,1171.52161103882,0.238592157340129,0.627002721612042,0.23799406470233
1594.73545995808,0.209565277199004,1.77633937912476,470.454938623928,-0.144550436739396,1.27140333272859,0.670511771791138,1081.7954530465,0.272154714157694,0.527317226307893,0.256127602949493
1811.58948940072,-1.10478470496997,1.35388446930389,335.000623366489,-0.889725650706985,1.23828359242244,0.626912575777242,1246.31537969283,0.280196822808936,0.627360200554404,0.164461970333266
1562.11528998402,-0.11231238565425,1.07503940477386,351.033476249196,-0.908096565716051,1.14851282365904,0.59967630021584,1018.64243561485,0.259442501682579,0.535875300339443,0.0680419306650069
1715.10421377083,-0.808968391151382,1.84951981168304,268.479421847741,-0.850455864814922,1.06298157790179,0.590580767678362,1175.37347586405,0.25238710512828,0.53893945945285,0.145121810253397
2024.73006963659,0.0713065540857142,1.74277085919164,397.22972653954,-0.182465134368475,1.12432190263264,0.640452223627597,1459.54367556312,0.261385993742812,0.604899097720476,0.194912214351054
2059.18333646012,-0.66479291911655,0.692043263350954,436.942297250994,0.340396491262162,1.22588025094626,0.656421288598099,1511.3493796209,0.31496347767497,0.373877446139227,0.144601258055335
1387.04508767897,-0.960585880823863,1.2035924499052,261.46298361201,-0.926463166931082,1.05227793685898,0.626211423510363,968.311022802804,0.268876444443036,0.589611709012127,0.164867429053259
2716.54545879643,-0.846185135655471,2.27577953781761,322.861095727402,-0.463267199030603,1.17292699524705,0.611430079813754,1426.04500037929,0.268888878737474,0.557062171677384,0.157633114914991
1968.03678539137,-0.871479572268462,1.28877972381564,263.29466055159,-0.253640748890876,0.947877007391341,0.634864059158292,1126.68270082665,0.256882452937373,0.602498928347935,0.210036013832278
2204.38936324904,-0.354639145411939,1.37447109031993,319.834605044672,-0.403700333112523,1.17171365126522,0.658496457436612,1427.73801458582,0.264544211611175,0.637910697877569,0.238488752090391
2378.48558386385,-0.0578678805629299,1.84560404936633,246.800148317706,-0.115698227295797,1.1643370017741,0.634778092822426,1908.40454279547,0.282446608030599,0.600468468217648,0.226501838424669
2029.33411669394,0.186232143177298,1.15546915343712,281.325613767406,-0.236454606903034,1.09762399917735,0.627093371543582,1335.05831341869,0.246729413468658,0.622872436193129,0.21210479985616
2316.02474017776,0.0726174765452365,2.0464813959797,349.013930209392,-0.0520713185692904,1.23957324877819,0.644740198827346,1961.56396655942,0.298551116420327,0.636365096750626,0.310699948627941
2230.28560896942,0.259280227969729,1.83892359125278,180.754285372544,-0.669956724886323,1.00129284083062,0.614818622423813,1417.84248682772,0.25037977221073,0.589452840014091,0.219436990157786
2227.52695425988,0.0677680700045587,2.23826912386297,327.305028304237,-0.178428143803892,0.926998350361601,0.538773187327408,1401.46783667809,0.293809614642646,0.472238242136821,0.14163218238174
1822.15646985109,0.70537720960358,2.85250666466068,326.996672215092,-0.399189304599228,1.19723537295755,0.622497940307381,1100.2079089659,0.228505645597328,0.534194564681308,0.221149165798492
1921.08933361906,-0.556150524292953,2.03566052067553,307.272334269787,-0.0757812609555846,1.01149571986469,0.629094722636416,1073.10055619254,0.236469031120513,0.428054284573777,0.172785668308775
2159.74914421329,-0.421432414420958,1.04543909962537,254.371804208781,-0.511861543413386,0.945868601211853,0.578560997579247,1334.38478305929,0.25253988608625,0.500032360519949,0.140612326921063
1860.23581976559,-0.968086835538289,0.696500693861356,283.290772535424,-0.371924808875443,0.998152926285418,0.582119880070326,1202.64529645913,0.243407170097735,0.530579165101631,0.145736895505286
1600.24664706237,-0.678556924385858,0.981483715444654,338.669622283583,-0.729546452603696,1.11933160279463,0.571523533774673,812.137378844581,0.264139509939045,0.350970799095626,0.0885858972000253
1657.68824555118,-0.857767008205286,1.58891952352855,445.033404225759,-0.818141679343361,1.24065067236305,0.640428775922504,1126.3067331252,0.297279732753597,0.554993316927493,0.213263004913172
1578.43755710334,0.269031100474814,2.07746091574563,472.689873520057,-0.0409934816820846,0.950038953632168,0.672108660735678,952.714879783993,0.227994703318235,0.367628860704519,0.193385853508538
2894.67649391594,0.302506797490315,1.55159936117085,418.732292611068,-0.822598895693054,1.22872821515423,0.613451781812944,1667.14726046739,0.276547753490638,0.530163746868017,0.196664584988299
2039.9682824804,-0.55850124441323,0.93130299407501,291.331557134873,-0.521872105759505,1.22956357716464,0.61719919476554,1415.76490889384,0.220468959991965,0.565489760605274,0.147037848552349
1434.25488859873,-0.668952497540981,1.3328532955866,448.050465415448,-0.948579286571448,1.49121263187084,0.667470445475517,1079.10829570336,0.213731484476352,0.482127294258626,0.188569377292989
1842.74506679966,-1.21645371772965,0.714790523248422,247.550280291122,-0.684239468241778,1.03151645782018,0.640260989786049,1199.20490010323,0.2667305885937,0.598596305226378,0.194809599463825
1590.43730065853,0.142056890765646,1.23356177609341,338.023786354549,-0.616842482415249,1.06500645472047,0.5960830665868,1208.52623511259,0.315090726886953,0.5700227523141,0.219864532274309
1667.22979975841,-0.460296761052174,0.840806181983891,345.79259471161,-0.764922981901111,1.15782891931974,0.598620692113514,945.062521872831,0.258192757350877,0.510553858205035,0.100454633666996
1650.16956276197,-0.860120913598763,0.789402740168537,208.65012287085,-0.721914739093429,1.18495174925156,0.549149993146343,1185.49855233218,0.262662816789923,0.625627172916815,0.146177016920393
1973.568710999,-0.416730361303815,0.491928976309415,406.295286188561,-0.531175606288957,1.18621346920442,0.631391003091394,1193.17660799451,0.257920685196903,0.535280172333371,0.0934160976670747
1984.37288564301,0.190926694128479,2.3896293459288,378.535193091715,-0.239795505160772,1.00630068858857,0.592513899768802,1357.48029277973,0.304580413706079,0.495114815662744,0.166895578932683
1971.77571309273,-1.08453420769414,1.64983588165301,380.786651508478,-0.37680099572316,1.0354865258094,0.639605536293589,1100.14356699793,0.301597141481687,0.496478912842484,0.257696989067988
1462.95105665381,-0.564434321413243,1.02832850768194,259.637283855401,-0.397176060837376,1.0015609584407,0.651951109867475,1028.03758811091,0.276497150611419,0.52844343125834,0.186524926825118
1102.34278555373,-0.734003629504921,0.57227313983342,120.880936063722,-0.898477090615131,0.969651026757794,0.634205148315694,919.915400229665,0.198110803348932,0.372371924450101,0.0961147241729906
1632.72484757091,-0.178732182765517,0.541021481629984,248.748155854031,-0.0269319934854415,1.77274644378389,0.706796491863268,1155.6365212295,0.237137815778437,0.590851140730214,0.199697952295676
2814.9612041816,-0.959101111918172,0.620841389672202,334.772208538802,-0.560185648972679,1.25750314923386,0.662563621058362,1329.40705675567,0.259780229222901,0.579228241099317,0.171757212325304
1906.7313544013,0.356503891894005,2.04028719041802,420.188082517198,-0.290466310468169,1.14530505045577,0.658653032676815,1282.51833201599,0.281288443575712,0.508709413190683,0.270808758232811
1386.64379035475,-0.3072081418299,0.771231307039228,260.694904856698,-0.481215834965962,1.09583467455082,0.627387861598842,1077.23049305784,0.221687417084288,0.449682969095206,0.128937542842071
1821.62906506562,-0.565930342465088,0.70904046346722,304.016951010758,-0.0913546991261391,1.1800839514418,0.662407263946405,1026.45260777982,0.257376442805059,0.474570678987384,0.208066372186571
1808.70536800462,-0.368302628362452,1.92639151853542,290.401201742593,-0.364784136701834,1.01711286321083,0.643479188966493,950.741694756636,0.253093732940679,0.512954117202511,0.148860039747299
1519.55738488672,-0.0231057743037178,0.857959819387615,437.539364745389,0.0626825444485546,1.26332793926078,0.612295111893135,1115.27426650174,0.411138944890811,0.419581670767357,0.0863543043618552
1567.27625643051,-0.682067181787102,1.79315359774837,275.525189856835,-0.325198490318642,0.983788283605317,0.600596258462428,1011.9204067201,0.225652384163445,0.464985014539991,0.15188901158163
1754.18802431335,-1.06613324993239,1.32259051653551,242.346899220202,-0.438356235370262,1.32912611258088,0.635703679195235,1347.02664752086,0.212399965297776,0.481388082289833,0.132023762131083
1906.01514594531,-0.752487035198934,0.797715223958042,393.294787304819,-0.30607594785903,1.18839910772117,0.60753474896172,1058.58725144019,0.271415149057496,0.525188168045424,0.179758420850431
1767.90908100654,-0.437409775393666,1.09373038779589,474.659371064858,-0.434955353114953,1.42913849075272,0.639421340477283,886.790819249194,0.245258280593706,0.384648315872229,0.116048657454689
1800.60363881014,-0.112840018427087,0.795286661867823,356.899012800797,-0.441058310407881,1.2558998907572,0.658538246011235,1334.34608887586,0.237258010786081,0.587956063597294,0.262528065764598
1874.31779669185,-0.964320164208826,1.34101232599858,441.75800063659,-0.934237347947388,1.56058416939216,0.618450345947392,1162.75892384554,0.266764008939885,0.639557745982839,0.124943422892818
2170.49589223347,-0.161387003034204,1.05080884202263,248.735661000518,-0.399644303298149,1.22415456245249,0.599957835233704,1582.71645976018,0.230473186237895,0.637428994489412,0.164393964505115
1331.39824712549,0.274907976104622,1.12832212172437,417.639179896732,-1.04261115493115,1.43766172946053,0.653834620386123,1052.20289386994,0.22744003663394,0.537688222180631,0.222964414746593
1743.66249896976,-0.740226993670018,0.823891215041309,340.521223472923,-0.409726872121883,1.36098299697313,0.642148054899034,1118.46373007133,0.27375700450254,0.605530820294243,0.167224147396143
1936.90160039009,-0.616072485669842,0.817784387673476,472.624116609483,-0.168929595472701,0.975192280208667,0.607837096286731,1205.54699505776,0.316239418939097,0.428159355876686,0.166144608211061
1812.29693362879,-0.765577633869814,1.01202404354054,407.676976860194,-0.808507368745869,1.23355072012894,0.631734551358105,1136.73698721311,0.280450489601756,0.479817005280497,0.205127997515502
1571.99628134946,-0.310524648836042,1.29529748318108,266.202022980043,-0.592729477962126,1.02324240516675,0.593481620691849,1139.34172969397,0.231817872019763,0.495114548950245,0.115635643311967
2010.34904926231,-0.307869420194287,0.670556766492752,503.74477261226,-0.39495990321475,1.53925809814528,0.700480433671506,1428.16110814285,0.253216776885108,0.677565216238251,0.153198163989077
1763.21131764678,-0.297085030172508,1.71886712145504,325.989328075754,-0.12966993008869,1.04546693127269,0.62213649160877,911.327320967731,0.289353056452423,0.491658628618414,0.0893968205956983
1753.48690357594,-1.06994287507916,1.62444360958081,319.257512834521,-0.301909246823956,1.09340615337781,0.622251578367957,1061.07924755669,0.279108853589275,0.475700773585766,0.304715482202675
1742.7235973213,-0.210860151219188,1.44752217890254,336.493368065774,-0.536759541517306,1.06367859088575,0.632273910604938,1187.69772199174,0.264159558855948,0.57590500540683,0.21677181805547
1892.73888616807,0.111535542575606,2.09693571042548,329.127148191131,-0.163551223547279,1.19653118653528,0.659451358116596,1292.66922225879,0.342040551938796,0.617580091072601,0.3167277127594
1492.4363399019,0.25576984931475,1.7376025047155,448.242593595819,-0.67624637702317,1.25298492526453,0.65392227046493,1140.93089873921,0.296652198212319,0.501713162579648,0.217178122012105
1540.12445091512,-0.257618592086337,1.22989691560657,315.52401930644,-0.0922556100056933,1.08882559286952,0.599005114617212,1018.59137597094,0.261043699936431,0.535365802748715,0.0924678019585291
1782.81842485682,-0.530822542896289,1.65895599015548,392.829551062826,-0.203761935442472,1.0575435009348,0.641719274159781,1030.073085715,0.291081879337101,0.453071648052544,0.192580252938733
2386.32853396609,-0.221848749616356,1.30292188718237,330.341487321507,-0.215903981884354,1.04614611268098,0.641017619482924,1742.10345898551,0.307017855548079,0.621039914616862,0.248839384892251
1953.43664103622,-0.827178225509166,1.39277297651074,315.862163180005,-0.0940181881237532,0.990879877143319,0.603754125695172,1045.04353566416,0.264300969537885,0.491643163550941,0.185554306822002
2281.21314682325,-0.561161103246134,0.832020298102225,286.29735047933,0.0576294720861005,1.04179238688901,0.649975434011002,1594.59287961847,0.248740809805742,0.471880936039917,0.205642852358702
2213.38004027308,0.375880706933116,2.16176031787273,260.663607773261,-0.262436181181838,1.16020308695211,0.664369225374847,1411.61825022358,0.256952688214775,0.503602413788389,0.198854050707715
2559.31212714008,0.455216137331273,1.7353959642864,324.16414490084,-0.0282218226931839,1.22430309222319,0.606511571302616,1688.35335344707,0.276504330786589,0.55841519533662,0.207136641617995
1970.46329052517,-0.233261925659422,2.38821009824027,348.486347770278,-0.318596688406213,1.06608611636781,0.596489838585915,1279.09880237751,0.275538422847677,0.575993021730801,0.186620405336828
1835.29182522135,-0.040451828873256,1.78132374907678,272.470066160189,-0.748921013256139,1.11535578857967,0.550875759975123,1253.79917028735,0.265880694689948,0.587561625243959,0.125911723866308
1368.19991002023,-0.23563703410199,1.70717159009718,333.649461066626,-0.80244255053964,1.00084042439098,0.57868019077132,900.011083458009,0.290026902181989,0.421288325851237,0.0669242175155687
2344.8494334288,0.0930055788720555,1.05294338661087,397.333482629215,-0.120932427049779,1.21773396436707,0.645304434580544,1545.05944197458,0.271101235233032,0.526764855999995,0.284129479786375
2156.97018535886,-0.447788215334867,1.30446386953361,384.191695885982,-0.246550835598405,0.932933860324904,0.617073274462205,984.779388976377,0.286396994780589,0.412186558644491,0.122668336884178
1585.42444926009,-0.0368026479077486,1.74279033644329,311.965969815922,-0.243445968160235,1.1170862243585,0.628497757693701,865.509008714783,0.288426091286935,0.464637843473823,0.116223699926425
1846.32517810584,0.0952347523025818,1.13557736984662,416.005758279461,-0.527861196516433,1.23280411732081,0.661762523240779,1148.11887969886,0.274741005879743,0.559428377204278,0.289318717810298
1417.39136444115,-0.54515513999149,1.09224151779722,247.001009213483,-0.661803096558477,1.08504045756691,0.593779825310337,1120.58478071533,0.267913200167251,0.465192322904424,0.249593223925869
2737.99434399275,-0.891308156443837,1.29676984770849,313.028775712976,-0.124040675036309,1.13633291175044,0.653648209798943,2360.34801058075,0.268980460391202,0.582817702401442,0.282613143556955
2742.14902351576,-0.113685566480803,1.37088448303443,333.185725513399,-0.381581949597006,1.0806193538786,0.610958532510386,1734.16993005533,0.254080061057523,0.541781472033351,0.142913290440087
1377.70805076311,0.144106973049323,1.18891691121769,411.951648012453,-0.913255595577706,1.40868890948164,0.680985056917763,1120.62281529478,0.255743624844671,0.54036099393009,0.186632171014253
1294.56526238764,-0.0754299890704704,1.4486328837937,298.227225343089,-0.518070651955112,1.07478405626493,0.615697631176999,839.565331816285,0.266292475166482,0.449500469432774,0.109662294561192
2586.76832863869,-0.0494830231375048,1.22044017426646,402.389717145732,-0.123355370211292,1.13370624974087,0.62199060278535,1877.60550163808,0.291696620335029,0.582191447173453,0.269389337216008
2605.64627420981,-0.964320164208826,0.978473832200042,429.211041273419,-0.0825628827093891,1.0498136832876,0.589327997961179,1598.10711283656,0.299082752343555,0.596066470851994,0.185395866110712
2500.16357228662,-1.00601298378252,0.95108921907121,412.963443254266,-0.49121932208231,1.29798258384852,0.644388836333552,1386.33666048547,0.244053071760782,0.731767095977129,0.210736891505143
1767.52097412002,-0.571359094176486,1.25610781674696,334.33285274512,-0.281715331119333,1.11520482197561,0.656839177158091,1128.93184927071,0.273189299653217,0.552528346902966,0.266599420256716
1848.77717954933,-0.831023995577198,1.21731954437163,274.942475638419,-0.38614161477111,1.08920033379327,0.631071187484336,1217.35513165575,0.24142943361993,0.566490655544622,0.108748542809159
1499.00127771748,-0.601842898355732,0.905622812180427,175.125270833001,-0.722880372660072,1.09392969811841,0.583460450153113,1078.33619963351,0.244586839596766,0.555288366717072,0.123445286563419
1652.12703893638,-0.383196394774607,1.09991724416311,307.720124055848,-0.562503908650337,1.01257955761006,0.584493972085528,1087.39976486702,0.250184539073289,0.48639890794029,0.123485571264019
1773.14014414821,0.123586248415769,1.0270711896226,411.577274315119,-0.0693066134021551,1.36583443418312,0.608966482085173,1550.35074582301,0.316164165085966,0.484206504044423,0.226822390650625
1801.68642749607,-1.14379995396764,0.902338390298798,352.116992846587,-0.534707779535671,1.19355166824313,0.570593351135877,1101.94666173992,0.265981078904599,0.602984395476273,0.130900626293079
2449.77050591929,-0.265350159872807,1.31324165491652,347.028194961405,-0.335623491116588,1.16384964883628,0.60313676414369,1623.42727685969,0.27075443114106,0.593375999098591,0.165785233751632
1781.86143827767,-0.940247305790701,1.02385111948551,368.263688518906,-0.7933018011224,1.14508885777467,0.589208852543263,1039.89891596429,0.275029629244747,0.449881592854149,0.105566471975741
1875.80987564842,0.540079088804173,2.06494734944782,317.973501889282,-0.198515726054957,1.07546035851993,0.652672172575852,1177.73023103346,0.280142063757722,0.567992142414737,0.291016853991683
1999.62919470512,-0.0838422623165561,1.12030087282058,254.583323686297,-0.795556360395277,0.972487030552701,0.562057165105664,1124.56475416246,0.304241772486025,0.514308539821353,0.132121989913672
1838.96108041082,-0.762267806882633,0.595683452151185,496.881334950503,0.271767087314523,1.20896391137727,0.635764412149704,1197.94621011722,0.324870188101097,0.474392247281855,0.171991362456388
1731.99973043251,-0.527517813073906,0.857979422410212,252.764101963538,-0.662710439196127,1.22435826118971,0.644424633359181,1142.47235463896,0.24565937216749,0.653750410949698,0.155661755935603
2308.66246138524,0.0963450628843862,1.00295789311153,231.858852512157,-0.455368390702542,1.24142169682509,0.588071029679632,1649.48820618883,0.256970991227917,0.607829445146997,0.165508391216973
2178.00636194713,-0.0528727451935542,1.26994124042731,394.701488719401,-0.401626246013481,1.41774061273772,0.6392707155518,1604.42378557304,0.311558385773402,0.617946593518533,0.208533683657224
2419.80687030433,-0.853678126120864,1.63517898171896,297.715518811419,-0.498641443054536,1.19560855004309,0.622437331731923,1529.88618234963,0.275180647952605,0.581520845081821,0.22703610763513
1821.2612842716,-0.429895077787006,0.725800426521074,306.489275494286,0.125642454434084,0.879857186272086,0.582310810150518,979.092821936983,0.317305981627467,0.420915650539954,0.0701287550977118
1333.31114881095,-0.175548729963387,1.11399055172964,374.177090911249,-0.46929740070509,1.19500487176139,0.682718170798124,1038.24935190001,0.203490087231017,0.50093501922902,0.135933783567498
1650.05933531563,-0.233122617083439,1.69470498879565,433.733868282658,-0.415997152884103,1.08995458555124,0.622605159867327,992.581353365912,0.264558201877757,0.483703915336401,0.192290605661748
2335.33745172848,-0.484954488566711,1.03391886663962,328.121026666425,-0.329980001545316,0.894253815958689,0.601209368938956,1559.06443258468,0.277863221617002,0.433624586812821,0.250672119566843
1638.89630334122,-0.974950280116824,0.528009004201973,320.606180232786,-0.240233478745702,1.17668736568097,0.612304856038514,1008.57820672742,0.24981712378459,0.467213497638451,0.151417402389357
1343.45326989386,-0.537227771589389,0.724687793761827,253.621155534679,-0.511204708740317,0.948689487317893,0.567257277203898,930.85954470433,0.286864376058884,0.409864836593292,0.197087987664058
1969.69768667264,-0.485203296641064,1.22032363682842,340.004833915312,-0.475963172923315,1.25561915951438,0.641359919131583,1402.56059862709,0.222293452582405,0.670243418090746,0.170309086603109
1364.91157131095,-0.806353726529475,0.946995702998968,317.688054982011,-1.12322114329898,1.11411047175136,0.640633938493169,1071.12459917927,0.222490359080335,0.558531192437942,0.18575319425205
1608.91982654755,-0.306382957310497,2.34702363791394,284.042619084451,0.102189756481015,1.48080771034623,0.664433437398768,1101.25976276464,0.21683529447193,0.538463691572295,0.146289796814704
1405.44798650388,-0.300487466571687,1.0259576402611,214.314206664626,-0.680155116381821,1.13012433748113,0.639734263017836,1032.98211490468,0.244752548144958,0.477406994263793,0.150633940281639
1253.4818206475,-0.822283182657581,0.594024242768816,477.829556121587,-0.398945387879469,1.55577497998302,0.605718710656666,1056.09732145691,0.25404769097503,0.591745323141129,0.0927051079809466
2730.66195748289,-0.0417945934652477,1.34636185440336,351.781767230928,-0.282843191612864,1.21554015182177,0.59150979474772,1676.78679040168,0.313696964374201,0.539015738954558,0.239648112946057
1383.73743012758,-0.210992497550215,1.53311141268094,322.936467333772,-0.5815992741499,1.00576587080154,0.601543094563654,971.390247296488,0.257354604178547,0.510589179627773,0.166320983354871
2218.62147170717,-0.0516787445969702,1.03785883772522,440.471302471731,-0.55065684742565,1.10570952592266,0.61623833671124,1232.35291572812,0.294048130057898,0.523342846626443,0.156966095981939
1519.97599242949,-0.132164372352944,0.913794632102618,254.040193431187,-0.556141218417981,1.16859869871699,0.614499256802683,1268.67857151178,0.236319200263862,0.578272706907835,0.175961018296533
1270.44479212416,-0.0432314665109507,1.1601972662836,298.80299994606,-0.622880393042361,1.0666997525099,0.663574613900326,989.395163487126,0.257558557076136,0.458238085521814,0.300984108131623
1884.60999120008,-0.07118823344101,0.998401293812218,352.936033942537,-0.182565031207008,1.04187763869846,0.671692001746645,1093.96436466097,0.222488338705594,0.461486933861585,0.200905135936555
1438.97493121248,-1.09151498112135,1.40068309701807,309.309959376455,-0.772754724031742,0.909228736393291,0.586000176101619,977.352265145075,0.25977119056213,0.421481289116062,0.130510936949048
2386.78705676338,0.00167963891465143,1.6841182633836,306.405526543504,-0.265667005822652,1.0181320198884,0.624309045859785,1293.83562176471,0.292852271518603,0.517214201236122,0.185094113270362
2136.30433043107,-0.504542391257016,0.860488843810023,466.874203594131,-0.310395666943357,1.2417179976706,0.652059091911569,1307.23824464775,0.25467130893529,0.52671817511766,0.190231767919486
1350.63546021757,-0.793511440087557,0.92365731245886,270.190014810588,-0.637350361609941,0.97772175597351,0.600783410972564,1137.6586211983,0.253770196469761,0.527649897250274,0.183401364919198
2602.28946935188,-0.557618232624313,1.4528184027947,291.480361134364,-0.0486937619565872,1.22887967273316,0.666106903557967,2183.40658736393,0.318982449615718,0.617109293741584,0.322836521172525
2675.963315987,-0.476091028235406,1.87670314982594,340.04672916914,-0.608704550630445,1.18453570432752,0.621618635827149,1512.70715126619,0.274779496380898,0.573242387053392,0.225170058876685
1921.15926861458,-0.267455469655849,0.950161371413853,339.115893100854,-0.598715228352352,1.19069148077812,0.632110859224055,1536.11649896548,0.304351162555436,0.68146419855505,0.17604276651122
1620.8295949377,-0.361510743045363,2.02529313447557,315.062648421997,-0.53794941748365,1.18186551395207,0.654666789414874,975.848080563362,0.237340650823361,0.422516199533678,0.177454471298549
1562.03540945996,-0.184671345162288,2.11616483167872,344.973002274907,-0.32354923265537,0.997945662358132,0.61838951030021,935.699192075593,0.254313812476773,0.501901330251465,0.133998487411811
2087.76583378823,0.089706455730253,1.13656807017276,314.484119501038,-0.868328737405924,1.01792386460689,0.608863559948834,1243.87905947153,0.298939822770058,0.551155236572108,0.158636141562888
2299.93887543641,-0.0362711840658954,2.49446440538126,309.251548021089,-0.382120764664577,0.987180376959693,0.598942986434642,1225.71741585286,0.281649413329344,0.540245331093305,0.200423255157222
1768.19915434099,0.294355985145161,1.694381396748,332.411905984789,-0.54852495588991,1.29679779756597,0.680164477490728,1230.31194794792,0.232326473871961,0.559864542304417,0.306682672715944
1639.12046642785,-0.531652669587843,1.31377232143297,273.153848121529,-0.642495873239308,0.925534971291991,0.656469169021333,1063.55611927288,0.256869467359244,0.55067834926686,0.222956035844327
1944.82033568042,-1.14950692809904,1.58136732089193,356.533092314061,-0.1822924748028,0.979264968621091,0.63588549970862,1186.36268157789,0.255008782587672,0.509944357148818,0.188940509660508
1999.92119955496,-0.4004580594197,1.01624261739922,321.810003404436,-0.518882993213844,1.21754004080133,0.628653200472155,1262.93928679221,0.26281381780275,0.564417027850586,0.129586959162554
2198.4379088,-0.898983663712285,1.63256976576055,473.625065469914,-0.11262576837026,1.21226701040295,0.603693324962801,1445.6625207136,0.299134677498048,0.445772766343305,0.146618541730836
1865.38721657663,-0.726998727936262,1.44125178175747,362.500854710364,-0.0786418830578706,0.963035441316165,0.619032444519177,1002.16319591535,0.285850518604846,0.473718449504056,0.230289366599506
2646.98292176505,0.375297738217339,1.58925925195981,275.350305591049,-0.26468887254515,1.17002362998791,0.623831955855006,1872.63268861937,0.265123000458346,0.589784089147072,0.232726013262117
2254.61659352724,0.159153454034534,1.32527122167837,350.968812984133,-0.535795801456466,1.19442225161783,0.65715831967302,1393.17927467156,0.258235284621754,0.620283770605121,0.163528608404142
2424.86637624911,0.249763795331198,1.48664692547617,308.488342188887,-0.767528742001711,1.02191836625384,0.56272657843096,1386.15420493987,0.292243242790787,0.559175926090394,0.132685352467788
1748.82492342774,-0.767480350963264,1.74920200541215,474.734035800017,0.112034520060601,1.121674294668,0.63969163220681,1186.12078838187,0.303232154028522,0.485783589870005,0.161501120625004
2614.29998716757,-0.471726222832956,0.764500175654721,590.171451327281,-0.128968858299307,1.35760494594338,0.678528091363415,1993.51185353234,0.373879557992781,0.501669708592993,0.165390137863165
2286.8584379091,-0.571359094176486,1.28739083817157,374.26932242369,-0.393057326388547,1.29960394956615,0.63529166668278,1554.7528413454,0.250535621200448,0.513676397020052,0.195397735708657
2255.07942810228,-1.17190427935794,1.19681617613703,325.28826174814,-0.67786164755152,1.08951489043746,0.607174424509523,910.823164552005,0.280411026848402,0.523836938810652,0.212524130069722
1807.81871119092,0.049339181683913,1.01531808099148,286.994192377767,-0.0716781975901525,0.966143495430518,0.596996594191208,1310.21458614263,0.305989976338993,0.542190447541728,0.199611920057602
3534.5070064626,-0.447103747924624,1.2319935820711,317.275734663933,-1.00644004559922,1.02774763972331,0.590326893804432,1344.8009676397,0.271684038923034,0.566917827159503,0.179816157928722
1535.9526257998,-0.557618232624313,1.26486914585498,340.047950205007,-0.429518418372223,1.24932189992713,0.698856252935353,1013.0862982618,0.216451979538217,0.432963682513997,0.162666311529377
1602.97065696288,-1.01266896819103,1.32851548596492,369.77233786007,-0.493871923106354,1.14952660903378,0.678015687064645,1099.99635252111,0.22378893132057,0.564093673488157,0.177101561112399
1667.85736570518,-0.22375295647115,1.42520481986244,455.624327109344,-0.0675480638244766,1.22029381677281,0.651959451340863,1191.1842592704,0.26962511417826,0.524947467768772,0.208415592882604
1860.37810482901,-0.316052869248488,1.09377330078215,315.762125370195,-0.691929589169504,1.02899503444648,0.616387116904569,1024.11574699822,0.25615197382653,0.489624248310437,0.173310493243622
2035.21890659843,-0.678168641407912,1.11310207105393,310.195644928764,-0.337822904081089,1.02396564200152,0.559288506520811,1099.92211531624,0.287510550278509,0.527432665498696,0.159076226374132
2770.99522901787,0.118161349715683,1.89093535654477,266.63337671855,-0.161391362515632,1.11986485795633,0.649154747296855,1949.46489254138,0.271010730220516,0.569479757459406,0.248313101603361
1658.06690990619,-0.299999769179725,1.19479795959625,318.053038244544,-0.5878439946716,1.04795609674805,0.651676309719074,1112.09378158277,0.231017566690212,0.53540827309425,0.243172141170852
1660.37406079916,-0.19475408430968,0.701867901591685,331.411496737306,-0.312408474865721,1.06545610619579,0.616419078769616,1064.72728827217,0.217522742476759,0.57299738165089,0.0983841245700281
2107.27270446507,-0.981923936354205,1.37781307611035,342.108125319109,-0.460244104917985,1.04840304414077,0.628472531840524,1216.62277877617,0.283747912330357,0.506188046190472,0.139585052972662
1780.42176149966,0.267230412881436,1.44472407959518,336.268838987057,-0.423030999066504,1.20325006396206,0.619557708060664,1133.17446470747,0.288639782773106,0.518840410780698,0.196055734242958
2481.17829553152,-0.234797276543723,1.75147858979952,427.411340096911,-0.130410992736302,1.02006594810147,0.588084311702506,1544.81070354884,0.314583415397527,0.419072937041678,0.175840018508446
1854.69603337396,-0.748361779551788,1.02529110037338,422.497999665038,-0.0409566167234419,1.1825938377579,0.6263693148392,1075.13722194646,0.227258640743976,0.556613002102404,0.155069343996383
1993.58449753346,-0.674689628288939,1.49130214989606,436.333927422061,-0.836342393112667,1.42389206835584,0.658555655924914,1246.42619913436,0.256046322513087,0.546847606420272,0.163295119483759
1684.31705513127,-0.615400203055868,1.744765120135,294.65711019177,-0.548285819295533,1.04570621962278,0.642420868430812,1205.22039034982,0.25887449475862,0.603449644569652,0.27041254411462
1893.17484580907,0.0787739039994069,2.15230351040004,396.225574106234,-0.348117122723651,1.20778964747616,0.625420586030621,1052.18879713737,0.266036588251781,0.587523338677111,0.172222719208874
2251.96486829033,-0.618772071561334,1.37127048255093,430.771275414389,-0.141931608822719,1.14060216528132,0.631506871723893,1516.8062099382,0.277942339617379,0.502937404240402,0.213750056459941
2177.71743920751,-0.853678126120864,0.836732110010782,488.656224141125,-0.18195220650485,0.997501565783002,0.576419205812083,971.578001133679,0.266296512552521,0.493980534054204,0.112118267086257
1787.7453657274,0.349350389557196,1.58529427758975,344.635431659488,-0.431476341025191,1.25945538829604,0.674786052972478,1181.29769270438,0.229910471461319,0.63711117446345,0.238677673194949
1488.28659100303,-0.991399828238082,0.972253544909087,303.621913595549,-0.800851058129097,1.19883037668685,0.667485476204228,1094.95554787811,0.227030662354431,0.568774236561211,0.199783032603659
1871.26455600626,0.0525977633215622,0.844229746151844,322.103033589992,-0.0328053712768477,1.17194736782592,0.649782404249871,1058.53055240537,0.210164684459569,0.568871069187696,0.170556640448299
2698.69616477638,-0.52342195295829,0.70726731078286,422.984890534919,-0.378669356918917,1.31140426757438,0.641788261421834,2029.0516905551,0.308276675818489,0.610612031735876,0.217688117280908
1524.93436061804,-0.0972833952891302,0.861487025915628,282.601874999391,-0.650819105582783,1.01880022847979,0.592898774700768,989.713844167491,0.270981835637827,0.496852167513322,0.16721956429163
2448.12401055208,-1.14266750356873,1.16607547411845,570.678709557319,-0.00632745269656975,1.34728420376405,0.642091929957478,1808.94616413361,0.395993291848798,0.442209736417057,0.127121112006338
1591.48436027334,0.124443086735793,1.15222999399622,385.361111618201,-0.362541681656298,1.02416088192106,0.64690408343295,1035.01335770599,0.23446844394347,0.512403727683873,0.193303549204617
1896.32918644304,-0.182186816178486,0.94698039914652,347.70674968463,-0.629815485159603,1.15315940390825,0.616644061385701,968.168946422159,0.230262839161359,0.506370113157988,0.132961433753897
2085.63889021865,-0.103852853298323,1.13572293423999,431.345866921293,-0.572484617571277,1.26231662338073,0.658657457361134,1268.16116874547,0.260471412479251,0.635013982911098,0.233589951182614
